X	y0	y1	y2	y3	y4	y5	y6	y7	y8	y9	y10	y11	y12	y13	y14	y15	y16	y17	y18	y19	y20	y21	y22	y23	y24	y25	y26	y27	y28	y29	y30	y31	y32	y33	y34	y35	y36	y37	y38	y39	y40	y41	y42	y43	y44	y45	y46	y47	y48	y49	y50	y51	y52	y53	y54	y55	y56	y57	y58	y59
x0	8.63	1.38	-4.27	-7.71	-7.65	-4.1	-9.73	6.5	-1.42	5.93	2.71	-4.61	-2.6	6.55	2.08	9.64	0.83	3.78	9.37	-2.84	-3.4	4.87	7.62	-3.71	-3.83	-3.22	9.42	-9.07	-9	-7.8	cc	cc	bb	bb	bb	aa	ee	bb	cc	dd	cc	ee	dd	ee	ee	bb	aa	aa	ee	aa	dd	ee	cc	ee	aa	cc	aa	aa	aa	aa
x1	2.17	-0.78	-7.34	2.84	0.59	2.36	-2.65	-1.9	9.12	-6.56	9.23	8.22	8.56	5.39	-2.97	9.48	3.21	-8.46	-2.63	-2.9	-0.72	-8.29	7.86	-9.14	-2.73	0.86	-7.39	-4.37	-1.01	8.36	ee	aa	dd	aa	cc	cc	dd	cc	cc	aa	dd	aa	aa	ee	bb	cc	aa	aa	aa	bb	ee	bb	bb	aa	aa	aa	dd	cc	ee	aa
x2	5.36	6.04	-6.71	1.74	3.02	6.43	-4.36	8.47	-3.09	-3.03	-8.54	-1.81	-0.65	-3	5.94	2.96	2.79	3.01	-6.18	7.77	-5.59	-4.49	2.97	6.89	9.95	-8.3	-4.66	2.29	1.31	2.89	dd	ee	cc	dd	aa	ee	ee	bb	bb	cc	bb	ee	cc	cc	aa	aa	ee	dd	cc	cc	bb	aa	bb	bb	dd	cc	aa	dd	bb	dd
x3	-9.82	-4.37	-4.97	-8.84	-4.52	6.55	1.89	2.11	8.3	9.03	-8.12	9	0.01	3.42	0.16	-8.54	-1.46	-8.74	3.95	-5.95	2.91	-1.62	2.05	-2.32	-9.69	2.65	-3.11	0.91	4.72	-2.91	ee	bb	aa	aa	cc	ee	cc	dd	ee	bb	aa	cc	aa	bb	dd	dd	bb	bb	bb	dd	ee	cc	bb	dd	dd	aa	aa	bb	ee	cc
x4	-0.18	3.5	-3.91	0.06	-1.9	-3.27	1.38	7.41	-5.91	-5.54	-1.23	-2.89	5.23	-8.26	-5.62	5.64	6.83	7.57	2.97	-9.85	-1.33	3.16	3.82	7.55	-1.51	-2.63	-3.45	5.09	2.53	0.64	ee	dd	aa	ee	bb	cc	aa	bb	bb	ee	cc	ee	cc	aa	cc	ee	ee	ee	bb	dd	dd	ee	aa	ee	dd	dd	cc	cc	ee	cc
x5	-8.75	-0.11	8.64	-0.78	9.28	7.36	-2.79	-7.58	-4.98	4.15	1.87	-5.29	-9.82	7.76	-4.28	-1.26	3.93	0.44	2.25	-5.93	-6.1	0.02	-0.88	9.25	1.99	-7.03	-9.58	-8.44	-2.51	-4.72	bb	dd	cc	bb	aa	dd	dd	cc	cc	cc	aa	dd	cc	dd	aa	ee	dd	cc	bb	ee	cc	aa	cc	bb	bb	aa	ee	aa	aa	ee
x6	4.38	-7.97	5.51	-3.9	5.31	4.25	9.47	-5.29	0.96	-1.24	-8.69	-1.32	0.59	-0.99	6.41	-9.76	-7.61	-4.29	5.42	6.13	8.4	-1.66	-1.24	0.85	5.28	-6.51	-2.7	6.54	-2.73	7.4	cc	cc	ee	ee	dd	cc	cc	bb	bb	bb	cc	aa	cc	ee	aa	bb	cc	aa	aa	cc	bb	aa	dd	bb	dd	bb	dd	ee	ee	aa
x7	5.36	6.04	-7.67	1.74	3.02	6.43	-9.73	8.47	-3.09	9.94	-8.84	-4.61	-2.6	-3	5.94	9.64	2.79	3.01	-6.18	-2.84	-3.4	-4.49	2.97	6.89	9.95	-8.3	-4.66	2.29	1.31	-7.8	cc	aa	bb	aa	dd	bb	aa	aa	dd	aa	cc	ee	dd	ee	ee	bb	aa	aa	cc	aa	dd	ee	ee	bb	ee	cc	bb	aa	dd	ee
x8	5.36	6.04	4.68	1.74	3.02	6.43	-5.33	8.47	-3.09	-9.69	-2.02	-8.55	9.47	-3	5.94	-4.6	2.79	3.01	-6.18	2.43	-4.98	-4.49	2.97	6.89	9.95	-8.3	-4.66	2.29	1.31	-0.15	bb	cc	cc	bb	ee	bb	aa	bb	cc	dd	aa	bb	cc	dd	ee	bb	aa	aa	ee	ee	cc	cc	aa	cc	cc	ee	dd	aa	aa	dd
x9	10	8.24	4.67	-8.01	-1.64	3.6	-9.73	5.86	1.04	-9.85	7.99	-4.61	-2.6	-3.05	-3.61	9.64	8.88	-1.44	4.6	-2.84	-3.4	-6.16	-9.39	-9.15	-0.68	9.96	-1.87	3.75	3.43	-7.8	cc	cc	cc	dd	aa	bb	ee	cc	ee	dd	cc	ee	dd	ee	ee	bb	aa	aa	dd	ee	dd	ee	bb	dd	ee	cc	ee	aa	bb	cc
x10	-3.56	0.37	-2.56	-9.6	-1.03	7.87	1.26	-0.76	-0.3	-8.68	6.34	-8.82	-7.54	1.35	2.37	2.18	4.36	-0.3	-8.92	9.33	2.85	0.78	7.6	4.46	1.1	6.26	-6.34	-4.26	3.96	6.44	aa	cc	dd	aa	dd	ee	aa	ee	ee	cc	aa	aa	ee	bb	ee	bb	aa	aa	dd	aa	ee	aa	bb	dd	dd	bb	ee	bb	bb	bb
x11	8.78	2.26	-5.99	-3.51	5.02	-1.33	-8.3	1.86	-5.23	-9.15	-3.83	3.62	2.18	8.24	-1.19	-1.05	-9.5	-1.36	8.36	0.46	-2.92	6.7	-5.7	-5.78	-9.49	-1.58	7.68	6.32	-7.41	-2.86	bb	bb	aa	dd	bb	aa	aa	ee	aa	dd	bb	cc	dd	dd	cc	dd	aa	dd	dd	bb	aa	bb	ee	bb	bb	dd	dd	ee	dd	ee
x12	2.82	9.08	5.66	5.69	3.98	5.99	5.9	-7.66	-7.53	-1.81	0.65	-7.39	9.35	8.6	9.48	3.52	-7.8	4.11	-9.38	-8.63	2.33	-1.72	-7.91	9.05	-1.94	-6.12	7.12	-8.31	5.93	-8.42	ee	ee	aa	bb	bb	dd	dd	bb	ee	aa	bb	dd	ee	dd	bb	dd	ee	bb	cc	ee	bb	cc	aa	ee	dd	cc	ee	bb	ee	aa
x13	5.36	6.04	-0.56	1.74	3.02	6.43	0.01	8.47	-3.09	8.72	-0.72	0.79	4.67	-3	5.94	-6.47	2.79	3.01	-6.18	-7.66	-6.95	-4.49	2.97	6.89	9.95	-8.3	-4.66	2.29	1.31	3.7	cc	bb	bb	dd	ee	ee	cc	ee	ee	bb	aa	ee	bb	cc	aa	ee	cc	aa	bb	dd	dd	dd	aa	dd	ee	cc	aa	dd	cc	ee
x14	1.23	4.54	6.73	8.14	-6.28	-9.47	-7.94	4.7	-1.05	-6.41	8.28	-4.07	-8.14	-8.79	-3.81	3.38	-7.93	3.64	-1.53	4.87	-8.19	0.32	-0.41	0.78	-4.74	6.36	-0.09	-2.09	6.85	-8.22	ee	ee	ee	dd	cc	bb	aa	bb	dd	ee	cc	dd	dd	dd	aa	ee	aa	dd	bb	dd	aa	bb	dd	ee	aa	ee	bb	bb	dd	dd
x15	-7.42	4.21	3.7	-9.82	-6.57	-1.51	7.19	2.1	7.22	0.33	0.97	-1.85	-5.87	-5.41	5.38	-8.81	2.07	-2.22	9.92	3.71	4.02	-2.94	2.59	6.14	-9.09	-4.96	-6.79	-0.22	0.38	-0.14	dd	dd	bb	aa	ee	dd	aa	cc	cc	bb	bb	aa	bb	aa	dd	cc	cc	aa	bb	ee	cc	cc	aa	dd	dd	aa	dd	ee	dd	aa
x16	8.12	9.3	-4.66	-1	1.81	-5.11	-9.73	-5.27	5.74	-0.84	3.37	-4.61	-2.6	-3.45	-0.48	9.64	3.25	2.53	-1.86	-2.84	-3.4	-0.4	8.38	9.91	-1.04	-4.84	-4	-2.34	-2.78	-7.8	cc	aa	cc	cc	aa	aa	cc	dd	ee	dd	cc	ee	dd	ee	ee	bb	aa	aa	cc	bb	dd	ee	dd	cc	ee	cc	aa	aa	cc	dd
x17	-2.47	7.05	9.83	-6.07	-6.97	3.06	5.3	2.72	-5.15	-6.41	0.66	6.92	8.94	-1.97	-1.14	8.19	4.2	-0.64	7.64	3.41	3.04	-1.3	-3.69	-6.84	1.48	9.37	2.86	8.97	-8.75	2.59	aa	cc	dd	aa	dd	ee	aa	ee	ee	cc	dd	aa	ee	cc	dd	cc	aa	dd	dd	aa	cc	dd	bb	dd	dd	ee	ee	ee	bb	bb
x18	-6.15	3.45	-5.57	-5.23	-3.17	6.21	1.44	-4.65	-4.12	1.82	-3.97	2.11	0.81	1.15	-1.16	-3.08	-6.05	-6.31	-0.93	6.42	7.14	-9	5.18	-3.65	-6.21	3.96	-5.71	-8.17	7.23	-6.69	cc	cc	cc	bb	ee	cc	dd	aa	ee	cc	dd	dd	aa	dd	ee	cc	cc	dd	dd	dd	dd	dd	dd	aa	ee	aa	aa	cc	cc	ee
x19	0.01	-0.66	3.91	-8.55	-4.28	-9.99	8.64	-8.55	-9.9	0.86	-3.77	-0.58	-0.28	-4.23	-8.8	-9.04	9.83	7.85	2.73	-6.76	7.55	-1.52	1.36	-7.1	4.78	-7.1	6.9	5.86	8.26	5.02	bb	bb	aa	bb	ee	cc	cc	bb	aa	bb	dd	ee	ee	dd	ee	cc	dd	ee	ee	aa	dd	ee	ee	cc	cc	bb	dd	aa	cc	dd
x20	8.83	-6.01	5.38	-4.39	-2.4	6.5	-9.72	-8.48	-6.02	-6.56	-0.47	-8.08	9.3	-3.46	-7.92	-7.13	-9.78	5.89	-3.09	9.57	2.83	-5.95	8.8	-5.89	4.49	-6.58	2.86	0.84	-9.68	7.32	bb	aa	dd	dd	dd	bb	aa	dd	bb	aa	dd	ee	aa	bb	dd	ee	cc	cc	bb	cc	cc	cc	bb	bb	ee	aa	bb	aa	bb	dd
x21	5.36	6.04	-9.4	1.74	3.02	6.43	-2.57	8.47	-3.09	8.62	0.36	3.57	-6.36	-3	5.94	4.86	2.79	3.01	-6.18	7.05	-2.44	-4.49	2.97	6.89	9.95	-8.3	-4.66	2.29	1.31	5.03	ee	ee	aa	dd	cc	ee	ee	dd	aa	aa	ee	cc	bb	aa	ee	dd	dd	aa	bb	aa	cc	aa	ee	cc	aa	aa	dd	cc	aa	bb
x22	0.35	8.28	-4.51	-2.13	3.44	-3.02	8.23	8	7.31	0.85	7.31	-0.24	0.62	8.15	-9.28	-2.97	2.63	1.89	3.92	-8.83	2.87	9.4	8.37	9.31	-3.5	-7.95	3.02	-5.53	9.8	-0.45	bb	aa	aa	ee	cc	dd	bb	aa	ee	dd	dd	dd	aa	bb	bb	cc	cc	dd	aa	bb	aa	bb	cc	dd	ee	ee	dd	aa	ee	bb
x23	0.05	-4.31	-5.3	7.84	-0.41	-0.01	8.55	8.68	8.57	7.14	-4.98	-7.53	1.16	-1.37	-2.39	6.1	2.41	-8.33	-3.19	-4.55	-5.99	4.48	5.53	-0.17	1.41	0.86	3.84	-1.59	-1.12	-2.56	aa	aa	bb	aa	cc	bb	dd	aa	ee	ee	cc	aa	dd	ee	ee	ee	aa	bb	dd	cc	dd	bb	ee	bb	cc	aa	aa	aa	ee	cc
x24	-4.61	8.58	0.39	-1.86	-4.35	1.45	-9.73	2.1	-2.19	-4.05	-7.97	-4.61	-2.6	0.06	1.88	9.64	-3.34	0.45	7.72	-2.84	-3.4	9.23	7.18	-7.04	8.84	-1.56	4.13	-9.62	-4.88	-7.8	cc	bb	ee	cc	bb	bb	bb	ee	aa	aa	cc	ee	dd	ee	ee	bb	aa	aa	ee	bb	dd	ee	ee	dd	bb	cc	dd	aa	dd	aa
x25	-2.73	9.46	-5.3	-5.16	1.58	6.38	-9.73	7.55	8.04	-1.89	-9.61	-4.61	-2.6	-6.73	-1.41	9.64	0.36	-0.6	-0.26	-2.84	-3.4	-1.85	6.93	0.16	4.63	-5.98	-9.11	0.13	-5.75	-7.8	cc	dd	bb	bb	dd	ee	bb	aa	dd	ee	cc	ee	dd	ee	ee	bb	aa	aa	ee	aa	dd	ee	dd	ee	cc	cc	ee	aa	aa	cc
x26	5.36	6.04	7.26	1.74	3.02	6.43	-2.25	8.47	-3.09	2.45	-7.11	5.55	4.36	-3	5.94	-7.59	2.79	3.01	-6.18	6.94	-0.34	-4.49	2.97	6.89	9.95	-8.3	-4.66	2.29	1.31	3.83	aa	cc	dd	aa	dd	ee	aa	ee	ee	cc	aa	dd	ee	dd	bb	dd	aa	ee	dd	aa	dd	dd	bb	dd	dd	aa	ee	bb	bb	bb
x27	5.73	-0.22	-0.37	-8.64	6.78	8.31	-9.73	8.19	-7.52	4.33	9.58	-4.61	-2.6	-4.19	3.26	9.64	-8	-3.18	-1.54	-2.84	-3.4	-4.8	4.02	5.68	1.03	8.25	-5.8	-7.39	5.17	-7.8	cc	aa	cc	bb	dd	aa	bb	bb	ee	ee	cc	ee	dd	ee	ee	bb	aa	aa	ee	cc	dd	ee	dd	ee	cc	cc	ee	aa	aa	ee
x28	5.36	6.04	0.34	1.74	3.02	6.43	-3.89	8.47	-3.09	-9.09	-8.69	-8.02	-3.46	-3	5.94	4.59	2.79	3.01	-6.18	7.95	8.04	-4.49	2.97	6.89	9.95	-8.3	-4.66	2.29	1.31	-6.76	aa	cc	dd	aa	dd	ee	aa	ee	ee	cc	bb	ee	ee	aa	dd	dd	aa	ee	dd	aa	aa	aa	bb	dd	dd	bb	ee	ee	bb	bb
x29	9.01	-3.45	-0.86	-8.22	6.04	-6.26	-9.73	0.91	-6.23	-5.63	-8.1	-4.61	-2.6	7.4	-2.5	9.64	-1.1	-5.93	-8.46	-2.84	-3.4	-0.75	8.87	-7.08	9.39	-0.27	2.88	4.01	-7.68	-7.8	cc	aa	bb	aa	aa	aa	aa	ee	bb	bb	cc	ee	dd	ee	ee	bb	aa	aa	bb	dd	dd	ee	dd	dd	dd	cc	dd	aa	dd	bb
x30	3.87	-2.51	2.9	4.54	8.47	3.96	-9.73	0.66	-8.99	-8.77	-9.56	-4.61	-2.6	-3.98	4.9	9.64	4.29	2.48	8.32	-2.84	-3.4	-2.41	-9.79	4.79	4.27	3.14	-7.35	-0.83	6.59	-7.8	cc	dd	ee	bb	cc	ee	ee	cc	cc	cc	cc	ee	dd	ee	ee	bb	aa	aa	dd	bb	dd	ee	bb	ee	dd	cc	aa	aa	bb	bb
x31	5.36	6.04	8.25	1.74	3.02	6.43	-1.57	8.47	-3.09	-9.43	1.6	-8	-2.56	-3	5.94	8.92	2.79	3.01	-6.18	-5.34	-4.63	-4.49	2.97	6.89	9.95	-8.3	-4.66	2.29	1.31	-6.99	aa	cc	dd	aa	dd	ee	aa	ee	ee	cc	ee	dd	ee	aa	ee	aa	aa	bb	dd	aa	dd	ee	bb	dd	dd	dd	ee	bb	bb	bb
x32	-8.85	3.37	4.25	7.97	-8.18	8.77	0.9	-9.7	4.18	0.1	-2.71	9.56	-3.45	4.78	1.33	5.15	-3.54	7.46	-6.58	7.1	-6.05	1.05	-3.28	-1.45	8.8	9.05	-7.48	9.83	-9.58	0.61	cc	cc	ee	dd	aa	cc	bb	cc	aa	cc	bb	bb	dd	cc	dd	aa	dd	ee	dd	bb	bb	cc	dd	dd	bb	cc	dd	bb	aa	ee
x33	5.36	6.04	1.34	1.74	3.02	6.43	-7.16	8.47	-3.09	-2.08	3.96	0.6	-5	-3	5.94	7.79	2.79	3.01	-6.18	-1.23	6.78	-4.49	2.97	6.89	9.95	-8.3	-4.66	2.29	1.31	-2.42	bb	aa	ee	bb	dd	cc	dd	cc	ee	ee	ee	dd	aa	bb	cc	ee	ee	ee	ee	ee	aa	ee	ee	aa	dd	bb	aa	aa	dd	bb
x34	7.57	4.28	5.84	-3.11	-3.97	-6.02	3.2	-3.07	2.62	-8.49	1.33	4.83	5.4	-4.33	-2.84	0.44	-2.83	2.55	-5.57	-0.82	6.77	2.53	9.31	6.36	7	6.33	-2.87	6.21	8.84	3.69	dd	ee	aa	ee	cc	cc	ee	dd	cc	aa	bb	ee	cc	dd	cc	dd	aa	ee	ee	ee	ee	cc	cc	bb	ee	cc	aa	bb	bb	bb
x35	2.1	6.31	-0.76	-9.06	6.6	2.2	-9.73	6.92	1.73	3.83	0.86	-4.61	-2.6	7.37	6.61	9.64	-7.25	-9.33	-0.52	-2.84	-3.4	1.3	-1.58	7.64	1.49	-7.16	-2.08	-3.28	-5.45	-7.8	cc	aa	cc	ee	dd	aa	aa	cc	dd	dd	cc	ee	dd	ee	ee	bb	aa	aa	aa	cc	dd	ee	cc	ee	aa	cc	dd	aa	ee	ee
x36	1.19	-3.69	0.63	-4.24	3.45	-6.68	7.95	1.43	-2.06	-3.63	-3.27	9.66	-4.51	8.73	9.79	-2.28	4.81	-4.78	0.92	-5.38	-2.78	-4.6	0.21	-7.64	-2.15	-9.66	6.76	3.13	-8.57	-2.49	bb	bb	dd	ee	dd	ee	bb	cc	cc	bb	aa	cc	cc	cc	ee	cc	dd	dd	cc	aa	ee	bb	dd	dd	ee	aa	cc	aa	aa	ee
x37	-2.26	2.72	-1.28	5.01	-4.3	-0.8	-9.73	-9.91	-1.44	1.66	9.91	-4.61	-2.6	2.05	-4.41	9.64	-7.41	-6.08	7.52	-2.84	-3.4	5.37	-0.51	4.45	-6.08	7.75	2.85	-8.99	-5.35	-7.8	cc	bb	cc	dd	dd	ee	dd	cc	aa	cc	cc	ee	dd	ee	ee	bb	aa	aa	ee	cc	dd	ee	ee	ee	dd	cc	ee	aa	cc	bb
x38	-6.96	-4.66	0.08	4.2	8.66	-3.21	-9.05	0.23	-4.11	-3.02	4.17	2.11	-5.56	-3.27	4.41	3.52	6.81	-9.71	2.82	-0.05	9.73	-4.29	6.39	3.6	4.17	-2.24	0.15	5.93	6.65	3.89	aa	cc	dd	aa	dd	ee	aa	ee	ee	cc	ee	bb	ee	cc	ee	ee	aa	ee	dd	aa	aa	dd	bb	dd	dd	dd	ee	cc	bb	bb
x39	-1.32	-2.02	2.92	-5.49	1.24	1.08	-9.73	-3.35	0.48	7.24	-4.84	-4.61	-2.6	-0.32	7.47	9.64	0.24	-2.73	3.97	-2.84	-3.4	6.15	-3.41	3.45	-7.67	6.95	3.07	8.98	4.03	-7.8	cc	cc	ee	bb	cc	cc	aa	bb	cc	cc	cc	ee	dd	ee	ee	bb	aa	aa	aa	cc	dd	ee	dd	dd	ee	cc	aa	aa	bb	dd
x40	3.31	9.54	-7.84	2.02	-1.01	-6.63	4.25	1.54	-7.9	7.6	-7.28	-3.96	9.14	8.17	4.8	-0.41	-8.76	-7.31	-8.69	5.3	3.82	6.03	-8.73	-9.31	0.11	-8.72	9.62	-4.19	3.55	2.97	ee	cc	dd	cc	dd	aa	aa	ee	ee	dd	aa	cc	ee	aa	ee	cc	aa	ee	dd	dd	dd	cc	bb	bb	ee	bb	dd	aa	cc	cc
x41	5.36	6.04	-8.3	1.74	3.02	6.43	9.37	8.47	-3.09	-8.28	-0.45	-8.29	-9.53	-3	5.94	-7.84	2.79	3.01	-6.18	7.72	-4.43	-4.49	2.97	6.89	9.95	-8.3	-4.66	2.29	1.31	5.85	dd	dd	ee	bb	dd	bb	aa	bb	ee	bb	dd	cc	dd	bb	aa	dd	aa	aa	cc	ee	dd	dd	ee	aa	aa	aa	aa	bb	bb	ee
x42	0.15	0.75	1.11	-7.88	7.69	8.23	-3.32	8.72	-6.74	-8.17	7.7	6.58	8.87	3.89	-1.47	-5.04	0.21	9.26	-5.88	3.47	-8.5	-9.26	-9.35	-1.36	5.05	8.1	8.84	7.64	-4.26	1.91	ee	dd	aa	dd	dd	cc	aa	ee	dd	cc	cc	ee	dd	dd	dd	dd	aa	cc	ee	ee	bb	dd	dd	bb	aa	cc	dd	aa	bb	cc
x43	7.89	-4.42	8.88	5.85	2.83	2.85	-5.54	3.31	-2.67	-8.66	8.41	7.79	-3.6	-6.39	2.77	-1.65	3.83	8.58	7.86	9.39	-6.26	-9.99	-4.22	6.64	-5.56	-9.8	-5.85	-3.96	8.89	9.28	aa	cc	dd	aa	dd	ee	aa	ee	ee	cc	cc	ee	ee	aa	cc	dd	aa	aa	dd	aa	cc	ee	bb	dd	dd	cc	ee	ee	bb	bb
x44	9.59	-3.95	3.83	-1.12	-9.41	-9.68	0.67	9.28	-6.22	8.69	-1.22	-3.68	6.98	8.91	3.2	0.85	9.75	-3.59	-3.56	8.46	4.02	2.5	-5.79	-2.44	1.24	1.9	-1.34	5.83	-9.41	-4.78	dd	cc	bb	aa	bb	cc	bb	dd	cc	dd	cc	dd	dd	dd	aa	dd	bb	bb	dd	cc	ee	dd	bb	ee	cc	bb	dd	dd	cc	bb
x45	6.49	-3.73	4.77	7.07	7.8	-2.09	7.91	2.7	0.83	8.91	-6.72	1.28	-5.59	-1.74	-9.55	9.12	-0.18	-4.21	6.03	1.36	-9.11	4.32	-7.8	-9.75	-7.98	3.56	5.45	3	-9.57	4.39	ee	ee	aa	ee	aa	dd	aa	aa	cc	ee	aa	aa	bb	dd	ee	dd	bb	aa	bb	bb	dd	bb	cc	dd	cc	bb	dd	ee	bb	bb
x46	-5.55	-5.28	-3.51	-0.14	3.71	-1.31	-9.73	6.23	-8.15	3.26	-6.68	-4.61	-2.6	-3.99	3.54	9.64	2.86	8.69	-2.97	-2.84	-3.4	3.09	0.51	0.62	0.46	-0.76	4.42	-1.78	7.72	-7.8	cc	ee	aa	bb	dd	aa	cc	ee	cc	cc	cc	ee	dd	ee	ee	bb	aa	aa	dd	dd	dd	ee	bb	dd	cc	cc	aa	aa	aa	bb
x47	5.36	6.04	-7.78	1.74	3.02	6.43	8.95	8.47	-3.09	1.22	3.73	8.01	-2.27	-3	5.94	-4.37	2.79	3.01	-6.18	3.59	7.81	-4.49	2.97	6.89	9.95	-8.3	-4.66	2.29	1.31	-1.91	cc	aa	dd	bb	ee	bb	dd	dd	ee	cc	aa	bb	dd	dd	ee	cc	bb	bb	cc	cc	cc	ee	dd	ee	ee	bb	bb	bb	dd	bb
x48	-6.46	-8.47	-1.98	-7.89	2.09	4.81	-7.03	9.16	-0.29	-5.76	8.27	-7.06	2.65	-5.06	-8.17	-8.54	3.08	-7.46	4.15	-0.09	6.55	-9.56	8.98	8.03	2.31	7	8.28	8.8	-4.23	-5.69	cc	bb	dd	cc	dd	ee	dd	bb	bb	aa	dd	cc	cc	bb	dd	ee	cc	bb	cc	cc	aa	bb	dd	aa	aa	dd	dd	aa	aa	ee
x49	5.36	6.04	8.36	1.74	3.02	6.43	-8.81	8.47	-3.09	-5.1	8.97	-8.25	-2.28	-3	5.94	-9.63	2.79	3.01	-6.18	-5.93	-3.26	-4.49	2.97	6.89	9.95	-8.3	-4.66	2.29	1.31	8.24	bb	ee	cc	ee	aa	aa	ee	dd	cc	ee	aa	ee	ee	cc	cc	cc	dd	dd	dd	dd	dd	cc	bb	dd	bb	dd	cc	bb	ee	aa
x50	8.94	-6.28	-2.72	-6.66	-6.06	-9.88	-6.97	7.24	9.55	-1.7	-5.21	-2.55	0.9	-5.63	-5.36	5.7	6.36	-8.23	5.7	-3.59	1.93	6.8	-2.55	0.55	1.89	-3.76	-1.33	9.62	-7.6	-3.26	aa	cc	dd	aa	dd	ee	aa	ee	ee	cc	aa	bb	ee	bb	ee	cc	aa	bb	dd	aa	ee	dd	bb	dd	dd	cc	ee	aa	bb	bb
x51	5.36	6.04	-2.68	1.74	3.02	6.43	-6.93	8.47	-3.09	7.15	-2.91	7.55	1.71	-3	5.94	-3.51	2.79	3.01	-6.18	8.93	-0.31	-4.49	2.97	6.89	9.95	-8.3	-4.66	2.29	1.31	0.12	aa	cc	dd	aa	dd	ee	aa	ee	ee	cc	dd	aa	ee	ee	aa	bb	aa	ee	dd	aa	aa	cc	bb	dd	dd	aa	ee	dd	bb	bb
x52	5.36	6.04	9.35	1.74	3.02	6.43	-9.73	8.47	-3.09	-9.61	8.58	-4.61	-2.6	-3	5.94	9.64	2.79	3.01	-6.18	-2.84	-3.4	-4.49	2.97	6.89	9.95	-8.3	-4.66	2.29	1.31	-7.8	cc	cc	cc	dd	ee	dd	cc	ee	bb	aa	cc	ee	dd	ee	ee	bb	aa	aa	aa	bb	dd	ee	cc	cc	bb	cc	aa	aa	ee	cc
x53	3.25	-0.94	6.54	8.96	9.78	7.79	5.76	4.4	-7.88	1.85	-4.41	-8.17	8.04	4.65	-7.19	-9.13	-3.69	5.68	6.87	-3.48	2.64	4.36	6.39	0.78	5.79	-6.49	2	4.23	-9.38	1.74	ee	cc	aa	dd	dd	bb	cc	dd	cc	cc	ee	aa	bb	aa	aa	ee	dd	aa	aa	ee	cc	dd	aa	bb	aa	aa	bb	bb	ee	dd
x54	-2.6	7.38	-5.08	5.03	-7.61	4.45	2.73	-2.46	4.95	-1.84	5.54	-6.47	5.83	-5.62	-0.2	-6.49	-8.2	-2.15	4.48	5.3	7.47	7.01	4.36	0.95	4.35	-7.76	2.75	7.56	7.13	9.7	ee	ee	aa	ee	bb	bb	ee	bb	cc	dd	bb	bb	bb	aa	aa	dd	ee	aa	bb	aa	ee	ee	bb	bb	bb	dd	ee	ee	cc	bb
x55	4.89	5.4	7.96	-1.1	2.37	4.4	-7.98	1.66	8.52	-4.56	2.72	-9.05	8.73	2.93	6.32	4.8	-4.03	-7.18	6.5	8.47	4.76	3.52	2.43	-1.09	-0.6	-4.87	3.73	-0.39	3.76	2.9	dd	dd	cc	aa	cc	aa	bb	dd	dd	dd	cc	cc	cc	ee	aa	dd	ee	ee	cc	aa	cc	cc	ee	aa	dd	dd	ee	dd	bb	ee
x56	5.52	0.81	0.12	8.56	6.81	5.91	7.3	8.06	9.37	-0.47	2.64	8.68	1.52	-0.56	5.13	5.31	4.51	-1.19	8.22	-8.56	-0.43	-9.56	-9.14	-7.09	3.75	-5.46	-1.36	0.36	3.2	-7.2	ee	aa	bb	aa	dd	aa	aa	bb	aa	ee	cc	ee	aa	dd	dd	cc	aa	ee	bb	dd	ee	cc	bb	ee	cc	ee	aa	bb	dd	cc
x57	-8.64	3.32	-5.81	-7.05	2.29	-1.87	-5.32	-0.45	8.34	-9	-7.97	-4.07	6.48	1.79	-8.87	8.32	-3.55	-7.7	-3.21	8.23	7.24	-3.27	-5	9.93	3.57	0.5	-1.84	7.57	0.32	-3.92	aa	dd	bb	dd	dd	cc	aa	bb	ee	ee	aa	dd	aa	ee	cc	bb	aa	aa	cc	aa	dd	cc	ee	bb	bb	bb	ee	bb	bb	dd
x58	-0.66	0.11	5.54	-1.19	8.85	2.97	-4.89	6.81	2.63	2.55	-3.5	-0.09	-5.63	9.31	2.48	1.65	-7.6	-5.06	1.3	3.41	-5.02	-4.31	6.83	8.94	-7.7	9.51	-8.83	6.01	-5.58	-1.84	ee	bb	aa	cc	aa	bb	bb	cc	dd	aa	bb	bb	dd	cc	dd	ee	ee	ee	aa	cc	aa	dd	dd	cc	dd	cc	aa	bb	cc	bb
x59	-5.95	-9.06	-4.73	-3.26	-6.12	7.18	-7.22	4.09	-4.45	-6.33	-3.19	-9.07	-9.13	-6.88	-8.23	-5.35	-6.92	-6.54	4.35	8.15	-5.61	8.06	-5.87	5.66	9.03	-6.14	-4.95	-8.86	2.69	8.01	aa	cc	dd	aa	dd	ee	aa	ee	ee	cc	dd	ee	ee	bb	aa	cc	aa	bb	dd	aa	aa	bb	bb	dd	dd	cc	ee	aa	bb	bb
x60	-5.14	5.6	4.49	0.34	2.2	6.36	5.82	4.61	7.03	-7.16	4.37	8.19	-6.3	-9.52	5.9	-5.88	-8	-7.47	-4.34	-6.9	-2.96	1.66	7.03	1.12	4.48	4.39	6.68	8.6	3.9	-1.36	cc	cc	aa	cc	bb	ee	ee	bb	dd	dd	dd	bb	cc	cc	bb	dd	dd	ee	aa	aa	ee	cc	bb	ee	cc	bb	aa	ee	ee	cc
x61	-4.33	8.69	7.99	4.21	-2.59	-0.58	1.32	-5.97	-2.53	-7.18	1.63	0.17	4.55	-6.4	3.38	5.12	-6.28	8.07	-2.04	4.25	-3.8	4.78	-4.28	1.9	1.82	-8.04	0.01	6.08	1.32	9.34	bb	aa	cc	bb	cc	ee	bb	bb	bb	aa	ee	dd	bb	ee	dd	dd	cc	dd	aa	cc	aa	ee	ee	dd	ee	bb	cc	aa	cc	bb
x62	1.61	0.79	0.1	9.46	-9.59	6.41	9.02	-6.78	3.36	-6.75	3.97	-1.12	-9.62	-5.16	-6.46	-7.37	2.06	1.46	-2.65	-3.49	-6.52	6.22	2.05	-3.34	1.98	7.8	-1.7	0.08	6.55	9.81	aa	cc	dd	aa	dd	ee	aa	ee	ee	cc	bb	cc	ee	bb	aa	dd	aa	cc	dd	aa	dd	bb	bb	dd	dd	bb	ee	ee	bb	bb
x63	5.36	6.04	2.68	1.74	3.02	6.43	-9.73	8.47	-3.09	-5.34	7.7	-4.61	-2.6	-3	5.94	9.64	2.79	3.01	-6.18	-2.84	-3.4	-4.49	2.97	6.89	9.95	-8.3	-4.66	2.29	1.31	-7.8	cc	cc	bb	ee	ee	dd	dd	aa	aa	aa	cc	ee	dd	ee	ee	bb	aa	aa	dd	aa	dd	ee	dd	ee	cc	cc	dd	aa	bb	cc
x64	5.74	-3.36	-5.87	-0	-8.8	2.08	7.73	3.76	-0.06	-5.52	9.5	-5.36	-1.58	6.08	-2.38	-3.95	5.37	9.4	-1.06	-4.89	4.27	6.03	9.12	-1.99	7.44	-2.53	-0.19	-6.63	6.96	2.5	ee	aa	cc	dd	cc	ee	aa	cc	aa	aa	bb	aa	dd	cc	cc	aa	aa	dd	bb	aa	dd	bb	bb	cc	ee	cc	aa	aa	cc	cc
x65	-6.05	7.75	8.5	9.05	-9.23	0.52	7.89	0.19	7	8.81	5.62	-4.59	9.01	-8.52	1.21	8.07	5.69	6.67	9.55	-9.02	5.48	-4.11	5.7	-4.32	-2.65	-4.79	-7.8	9.52	-8.56	4.91	bb	bb	bb	bb	dd	ee	aa	ee	dd	cc	cc	ee	ee	aa	bb	dd	ee	aa	ee	cc	bb	bb	aa	aa	cc	dd	ee	bb	bb	bb
x66	9.31	2.54	-8.48	9.33	0.86	1.14	-9.74	-0.95	-3.77	3.98	6.62	-1.55	-6.99	-3.57	5.84	-2.16	-9.17	0.07	7.73	2.48	-2.42	-3.82	-3.66	7.69	0.5	0.49	-4.45	2.86	-1.3	-4.85	cc	bb	dd	ee	aa	aa	bb	aa	bb	ee	cc	ee	aa	cc	cc	dd	aa	aa	ee	ee	cc	bb	aa	dd	cc	bb	ee	dd	aa	bb
x67	4.76	1.55	-1.39	-0.72	5.01	0.44	9.39	-3.17	5.54	-9.52	0.87	1.13	-1.35	2.17	6.99	8.49	4.89	-4.15	-2.16	-2.31	7.23	4.11	3.01	-1.6	8.73	9.19	7.94	-0.71	-2.8	-6.75	aa	cc	dd	aa	dd	ee	aa	ee	ee	cc	aa	dd	ee	cc	aa	ee	aa	dd	dd	aa	dd	aa	bb	dd	dd	ee	ee	dd	bb	bb
x68	5.36	6.04	7.8	1.74	3.02	6.43	-9.73	8.47	-3.09	8.03	-4.41	-4.61	-2.6	-3	5.94	9.64	2.79	3.01	-6.18	-2.84	-3.4	-4.49	2.97	6.89	9.95	-8.3	-4.66	2.29	1.31	-7.8	cc	aa	ee	ee	dd	dd	ee	ee	cc	dd	cc	ee	dd	ee	ee	bb	aa	aa	ee	bb	dd	ee	aa	aa	ee	cc	ee	aa	aa	cc
x69	9.14	-2.82	9.03	4.03	-3.7	6.85	5.68	-8.67	9.97	0.88	4.98	7.95	-2.38	-9.15	-8.37	8.92	-1.74	-2.28	-2.75	-9.27	-5.51	-6.62	9.7	-8.69	1	-7.79	5.6	-3.18	7.89	0.2	bb	cc	cc	dd	dd	dd	ee	ee	ee	dd	dd	dd	cc	dd	ee	aa	cc	ee	dd	bb	bb	aa	cc	aa	dd	ee	dd	cc	bb	aa
x70	3.07	-6.01	6.69	-1.22	-9.3	-4.92	3.73	4.94	-1.5	8.99	8.63	-9.14	6.27	-8.56	-0.18	7.37	3.95	7.54	2.15	-9.69	6.12	3.31	-9.67	2.83	-9.49	-8.01	-8.79	-7.57	1.94	-4.79	bb	aa	cc	ee	dd	bb	bb	cc	ee	dd	bb	bb	bb	cc	bb	ee	bb	ee	bb	aa	cc	bb	bb	cc	bb	cc	dd	cc	dd	bb
x71	2.42	-7.43	-0.42	5.3	-9.77	2.21	-9.91	-3.89	-8.62	-5.94	-2.41	1.19	0.01	-3.92	-9.86	6.97	8.31	2.37	-8.31	3.18	4.19	-9.07	-4.17	-2.89	1.83	-6.61	1.3	-4.91	-5.57	-1.84	cc	cc	dd	dd	bb	aa	cc	ee	bb	bb	ee	cc	ee	aa	aa	bb	aa	aa	ee	ee	dd	dd	bb	ee	ee	bb	ee	ee	bb	bb
x72	5.36	6.04	-7.93	1.74	3.02	6.43	-9.73	8.47	-3.09	5.04	-6.52	-4.61	-2.6	-3	5.94	9.64	2.79	3.01	-6.18	-2.84	-3.4	-4.49	2.97	6.89	9.95	-8.3	-4.66	2.29	1.31	-7.8	cc	cc	bb	cc	dd	cc	ee	dd	bb	dd	cc	ee	dd	ee	ee	bb	aa	aa	dd	ee	dd	ee	ee	bb	bb	cc	dd	aa	dd	dd
x73	5.36	6.04	-4.59	1.74	3.02	6.43	-8.45	8.47	-3.09	1.72	-7.58	-0.22	2.83	-3	5.94	5.54	2.79	3.01	-6.18	-4.25	-1.91	-4.49	2.97	6.89	9.95	-8.3	-4.66	2.29	1.31	4.93	ee	dd	aa	dd	ee	cc	ee	dd	bb	ee	cc	aa	cc	aa	ee	ee	bb	dd	dd	aa	ee	aa	dd	bb	bb	cc	ee	aa	dd	ee
x74	-8.27	-3.81	-9.94	8.31	-4.35	4.01	-5.97	3.21	-5.07	-1.66	8.03	8.75	-8.28	1.85	9.66	-8.49	-5.25	1.57	-3.99	9.3	1.61	-0.8	2.02	-0.38	-4.84	-9.16	4.45	-0.13	-1.54	9.42	aa	cc	dd	aa	dd	ee	aa	ee	ee	cc	dd	bb	ee	cc	dd	dd	aa	bb	dd	aa	dd	dd	bb	dd	dd	cc	ee	dd	bb	bb
x75	-2.92	-4.91	-6.31	1.95	3.21	-5.41	9.35	-3.85	3.49	0.79	4.27	-4.32	6.12	1.81	-5.78	8.82	8.55	-8.91	-8.4	-1.43	-2.52	-3.88	6.37	8.12	-1.33	-6.81	-1.42	9.24	-3.31	-2.06	aa	cc	dd	aa	dd	ee	aa	ee	ee	cc	aa	dd	ee	bb	ee	ee	aa	ee	dd	aa	bb	cc	bb	dd	dd	bb	ee	bb	bb	bb
x76	5.36	6.04	-0.38	1.74	3.02	6.43	-2.94	8.47	-3.09	8.46	8.09	-4.43	-9.09	-3	5.94	-8.51	2.79	3.01	-6.18	-4.44	-5.17	-4.49	2.97	6.89	9.95	-8.3	-4.66	2.29	1.31	-5.78	cc	ee	aa	dd	ee	bb	ee	bb	ee	cc	ee	aa	cc	cc	cc	bb	dd	bb	bb	aa	bb	cc	dd	cc	dd	aa	dd	cc	cc	bb
x77	-6.48	2.57	1.98	-9.67	-9.61	4	-8.78	0.52	-2.19	6.15	9.92	-3.42	-6.18	5.02	-2.08	-6.45	-7.49	1.05	5.33	4.33	0.51	4.9	8.72	6.13	-3.23	5.62	5.22	-6.78	-3.13	8.99	ee	ee	cc	ee	ee	bb	cc	dd	bb	cc	cc	dd	aa	aa	ee	cc	ee	dd	cc	dd	ee	dd	ee	cc	dd	dd	ee	cc	dd	ee
x78	8.33	-3.25	1.27	-0.05	-9.46	7.27	0.43	-8.87	-4.26	-8.93	-9.32	9.28	3.3	-6.66	-6.64	-2.28	-8.23	9.87	-9.6	-2.01	-4.34	8.51	5.63	5.07	-5.66	8.91	-0.26	3.32	2.29	2.84	dd	cc	ee	aa	bb	bb	cc	dd	aa	dd	bb	dd	bb	ee	dd	aa	ee	bb	aa	bb	aa	ee	dd	dd	bb	dd	cc	dd	cc	dd
x79	3.93	6.54	4.78	-5.58	-0.03	-0.65	-9.73	-4.67	-4.03	2.73	-6.51	-4.61	-2.6	6.91	-5.21	9.64	-7.42	2.95	-0.22	-2.84	-3.4	4.58	-5.12	9.07	3.34	-7.67	-1.71	-2.98	-9.55	-7.8	cc	dd	ee	ee	dd	bb	aa	cc	ee	cc	cc	ee	dd	ee	ee	bb	aa	aa	aa	aa	dd	ee	dd	cc	aa	cc	ee	aa	bb	bb
x80	2.4	2.02	-9.12	9.12	3.17	-5.01	-7.23	3.67	3.61	-7.33	5.68	-5.16	-1.82	-9.15	-4.53	-1.5	0.21	7.87	8.86	4.45	3.71	-9.15	-1.16	-1.61	3.31	3.67	8.89	5.44	1.52	8.73	ee	cc	ee	aa	ee	bb	bb	bb	ee	aa	bb	aa	dd	ee	ee	cc	cc	cc	bb	bb	dd	dd	cc	dd	aa	cc	dd	aa	aa	ee
x81	-9.84	3.46	-5.23	-6.28	-6.68	-4.9	-0.85	-0.84	-3.36	-4.91	9.77	-6.71	0.77	3.6	8.62	-4.33	7.9	3.65	1.52	-8.69	5.06	-1.36	3.64	-6.94	-2.26	9.61	6.1	-8.57	1.14	7.62	cc	cc	bb	aa	aa	bb	cc	cc	ee	bb	bb	ee	aa	bb	bb	cc	cc	bb	aa	ee	bb	cc	dd	dd	aa	bb	dd	bb	cc	bb
x82	-2.74	-8.8	2.45	-4.32	-7.04	-1.85	3.58	4.69	-7.59	5.26	-4.52	1.67	-3.11	-9.46	4.15	-8.11	-5.08	3.65	8.77	8.47	4.5	3.68	3.16	1.23	7.82	9.39	7.1	1.53	0.09	-8.22	bb	cc	aa	bb	ee	aa	bb	cc	bb	ee	cc	dd	ee	bb	ee	bb	bb	cc	bb	dd	dd	ee	aa	aa	dd	aa	cc	aa	aa	cc
x83	5.36	6.04	4.84	1.74	3.02	6.43	0.29	8.47	-3.09	4.51	5.18	5.58	-5.92	-3	5.94	-4.78	2.79	3.01	-6.18	7.31	-8.12	-4.49	2.97	6.89	9.95	-8.3	-4.66	2.29	1.31	-6.96	ee	dd	aa	bb	cc	cc	bb	bb	ee	bb	dd	ee	ee	ee	ee	cc	dd	ee	cc	cc	aa	dd	aa	bb	bb	ee	dd	cc	ee	aa
x84	3.58	-9.13	7.62	4.9	-4.42	6.76	6.75	3.14	8.05	9.02	0.77	6.4	-4.26	2.72	8.93	-1.08	6.7	1.14	0.08	7.11	-7.54	0.99	6.09	-1.64	-7.54	-5.63	1.93	-1.69	-8.54	-9.82	bb	ee	bb	ee	bb	bb	bb	dd	cc	bb	ee	aa	ee	cc	dd	ee	cc	aa	dd	bb	bb	cc	cc	bb	aa	bb	ee	dd	cc	aa
x85	2.3	-9.26	-7.57	-4.07	9.71	7.91	-3.38	-7.92	-6.34	1.6	-5.5	2.45	-8.96	4.65	-6.7	-3.48	4.23	1.89	2.17	-0.23	5.38	-2.14	-1.22	6.91	9.53	9.2	-4.8	3.07	-0.36	-5.52	cc	cc	dd	cc	ee	bb	dd	aa	aa	dd	aa	cc	bb	dd	ee	aa	aa	bb	cc	bb	bb	ee	dd	dd	cc	bb	aa	cc	bb	dd
x86	6.91	4.75	-2.74	0.29	2.05	-2.8	-0.83	-4.04	4.41	-8.13	-6.29	6.46	-2.53	7.28	6.43	8.14	-6.78	4.66	-4.21	9.02	2.37	8.23	0.07	2.22	4.42	2.31	-5.46	-6.81	-8.6	-1.69	aa	cc	dd	aa	dd	ee	aa	ee	ee	cc	cc	bb	ee	dd	ee	aa	aa	ee	dd	aa	aa	aa	bb	dd	dd	cc	ee	aa	bb	bb
x87	2.66	7.95	1.13	9.43	-7.32	5.53	-9.13	-3.6	-6.41	-9.4	0.3	-9.48	9.27	-3.9	4.77	5.09	8.19	-2.42	6.47	6.93	8.6	5.99	4.68	2.23	1.01	-4.22	1.24	-4.03	-6.01	4.28	aa	cc	dd	aa	dd	ee	aa	ee	ee	cc	bb	aa	ee	cc	dd	ee	aa	aa	dd	aa	bb	aa	bb	dd	dd	dd	ee	cc	bb	bb
x88	9.74	1.44	-1.75	5.97	-4.46	-0.62	-2.68	-0.49	-6.02	3.36	-6	8.45	-4.84	-9.3	2.52	-4.1	2.69	-9.16	8.09	7.6	-8.67	-4.84	3.1	-6.29	-3.77	9.91	-1.02	-2.45	2.13	5.37	cc	ee	ee	dd	bb	ee	cc	dd	bb	aa	ee	cc	dd	dd	ee	cc	aa	ee	bb	bb	cc	dd	aa	cc	bb	aa	dd	cc	ee	ee
x89	-1.07	-2.44	3.4	-4.26	6.51	3.04	-1.37	9.34	7.62	7.99	-8.34	-3.64	6.72	-5.06	1.41	-3.89	-3.01	-9.05	6.87	-8.05	-5.01	-6.01	4.82	9.47	-6	-9.75	-3.59	4.33	-5.32	-7.77	aa	cc	dd	aa	dd	ee	aa	ee	ee	cc	cc	bb	ee	cc	dd	cc	aa	bb	dd	aa	bb	cc	bb	dd	dd	cc	ee	dd	bb	bb
x90	9.4	0.82	-9.97	5.26	5.88	-0.76	-9.73	-6.46	5.66	-4.88	-5.84	-4.61	-2.6	3.9	-2.8	9.64	4.77	9.69	-4.2	-2.84	-3.4	8.24	-3.95	-4.34	-1.46	4.74	-4.55	-7.37	4.69	-7.8	cc	aa	ee	bb	ee	cc	bb	dd	dd	bb	cc	ee	dd	ee	ee	bb	aa	aa	aa	cc	dd	ee	ee	ee	aa	cc	cc	aa	dd	bb
x91	-8.71	0.41	-5.05	4.18	-7.58	-0.17	-1.65	1.19	-0.96	7.32	9.87	0.63	-7.71	-2.67	-1.44	-4.98	5.96	6.38	-1.74	5.37	8.25	-4.88	7.93	-7.21	3.85	-4.23	-6.91	2.35	5.86	-3.67	aa	cc	dd	aa	dd	ee	aa	ee	ee	cc	bb	cc	ee	cc	bb	ee	aa	dd	dd	aa	cc	aa	bb	dd	dd	cc	ee	cc	bb	bb
x92	-1.41	-5.38	1.78	-2.44	-7.91	2.58	1.87	-0.93	8.49	-5.75	8.2	-4.76	6.47	1.04	0.15	9.14	8.36	7.98	-5.11	-8.77	-2.28	-0.68	7.34	1.78	-6.37	-9.2	7.44	9.5	-6.53	-0.17	aa	cc	dd	aa	dd	ee	aa	ee	ee	cc	cc	aa	ee	bb	ee	aa	aa	dd	dd	aa	cc	cc	bb	dd	dd	aa	ee	ee	bb	bb
x93	-4.64	-6.92	-6.97	7	-9.38	1.37	4.44	-1.23	-6.16	6.38	6.53	-6.47	-3.85	0.61	-0.16	-2.39	5.13	-5.15	8.66	-3.93	-7.75	-2.73	-9.39	-4.6	-8.96	-0.09	6.76	6.7	7.93	-2.3	ee	cc	ee	aa	bb	ee	aa	ee	bb	bb	ee	cc	bb	ee	dd	aa	cc	cc	bb	bb	bb	aa	dd	aa	cc	bb	cc	dd	cc	ee
x94	-2.74	-1.78	4.21	0.9	-2.02	-6.2	8.58	2.65	7.33	-2.38	-3.05	-6.26	-8.08	-7.47	4.21	-8.62	-0.52	3.66	-7.81	-8.18	8.31	5.83	9.56	-2.95	7.03	-4.4	-9.71	7.18	2.14	-1.94	ee	dd	aa	dd	dd	cc	cc	ee	dd	ee	dd	bb	ee	bb	aa	cc	bb	bb	aa	aa	dd	cc	cc	aa	ee	ee	ee	dd	bb	aa
x95	-9.9	-8.91	1.79	8.85	-1.65	5.67	8.03	-5.03	7.77	-4.72	6.98	3.4	-6.48	3.91	4.73	7.55	1.99	-4.22	1.78	-4.75	-4.97	-4.99	8.8	-9.76	-2.14	-3.14	-7.34	-8.93	3.21	1.02	aa	cc	dd	aa	dd	ee	aa	ee	ee	cc	cc	bb	ee	ee	ee	aa	aa	aa	dd	aa	cc	bb	bb	dd	dd	dd	ee	ee	bb	bb
x96	-9.11	3.62	-3.03	8.1	7.09	-0.91	-9.73	-3.24	-4.19	8.77	-6.88	-4.61	-2.6	-2.59	-7.48	9.64	3.58	7.95	2.19	-2.84	-3.4	-3.16	-0.85	0.76	-8.11	-0.53	-9.42	-0.75	-0.65	-7.8	cc	ee	dd	ee	dd	aa	dd	aa	aa	ee	cc	ee	dd	ee	ee	bb	aa	aa	cc	bb	dd	ee	cc	dd	ee	cc	bb	aa	aa	bb
x97	9.25	-3.45	4.58	-0.76	4.44	-3.86	0.86	-3.19	-0.52	-3.95	-9.71	6.88	-1.58	8.32	-1.16	-8.38	7.5	8.98	7.56	-0.3	-8.85	9.48	-4.4	3.29	-4.51	-5.58	2.06	-6.86	-3.95	6.46	dd	bb	bb	dd	cc	cc	cc	bb	cc	bb	ee	cc	dd	cc	cc	aa	ee	aa	aa	cc	cc	cc	aa	aa	bb	bb	dd	aa	aa	cc
x98	-2.68	-7.64	-0.37	3.89	6.34	-0.16	-6.95	-9.52	-8.72	-4.15	8.77	1.56	-5.66	4.08	-5.08	-3.53	4.14	5.06	-5.68	4.64	7.98	2.46	-3.2	-5.07	1.71	-5.8	8.77	9.76	-5.73	3.52	dd	aa	ee	bb	cc	bb	bb	aa	bb	dd	cc	cc	ee	ee	dd	bb	aa	aa	cc	cc	ee	cc	ee	ee	cc	cc	ee	bb	cc	bb
x99	8.82	-4.88	9.72	-2.83	-3.74	0.72	1.2	-0.8	-4.01	-5.42	1.91	8.9	5.67	7.97	6.6	2.79	-6.22	4.63	4.4	5.95	2.78	-1.89	6.71	-4.2	7.98	2.55	0.92	-6.92	1.69	-2.4	dd	cc	aa	ee	bb	bb	cc	bb	cc	cc	cc	dd	cc	bb	cc	cc	bb	ee	dd	cc	ee	cc	ee	bb	aa	dd	aa	dd	bb	dd
